prot1,prot2,res1,res2
Ccl1,Ccl1,45,286
Kin28,Kin28,32,37
Med1,Med1,375,389
Med1,Med1,377,389
Med14,Med14,420,544
Med14,Med14,539,544
Med17,Med17,386,416
Med17,Med17,386,418
Med17,Med17,418,427
Med17,Med17,419,427
Med17,Med17,421,427
Med17,Med17,579,608
Med17,Med17,581,608
Med17,Med22,548,118
Med17,Med22,608,105
Med17,Med22,608,106
Med17,Med22,608,109
Med17,Med7,75,191
Med17,Med7,78,191
Med20,Med20,2,187
Med20,Med20,10,183
Med21,Med21,107,113
Med4,Med4,34,39
Med7,Med7,93,103
Med8,Med8,189,210
Med9,Med4,117,26
Med9,Rpb1,88,977
Med9,Rpb1,99,918
Rad3,Med7,389,1
Rad3,Rad3,68,225
Rad3,Rad3,132,269
Rad3,Rad3,268,336
Rad3,Rad3,269,336
Rad3,Rad3,276,389
Rad3,Rad3,276,394
Rad3,Rad3,281,389
Rad3,Rad3,336,340
Rad3,Rad3,578,605
Rad3,Rad3,605,608
Rad3,Rad3,605,674
Rad3,Rad3,613,673
Rad3,Rad3,636,640
Rad3,Tfb1,112,340
Rad3,Tfb1,605,340
Rad3,Tfb1,605,345
Rad3,Tfb1,605,346
Rad3,Tfb3,336,77
Rad3,Tfb3,343,74
Rpb1,Rpb1,39,49
Rpb1,Rpb1,186,193
Rpb1,Rpb1,186,195
Rpb1,Rpb1,368,398
Rpb1,Rpb1,724,728
Rpb1,Rpb1,833,1102
Rpb1,Rpb1,951,1290
Rpb1,Rpb1,1093,1074
Rpb1,Rpb1,1093,1309
Rpb1,Rpb1,1132,1206
Rpb1,Rpb11,368,8
Rpb1,Rpb2,481,987
Rpb1,Rpb2,483,987
Rpb1,Rpb2,486,979
Rpb1,Rpb2,486,1102
Rpb1,Rpb2,1144,262
Rpb1,Rpb5,945,201
Rpb1,Rpb7,2,65
Rpb1,Rpb9,1253,20
Rpb1,Tfa1,193,71
Rpb1,Tfa1,195,71
Rpb1,Tfa1,196,71
Rpb10,Rpb12,68,33
Rpb10,Rpb12,68,50
Rpb11,Rpb11,14,20
Rpb11,Rpb11,16,20
Rpb11,Rpb11,20,36
Rpb11,Rpb11,26,38
Rpb12,Rpb12,58,68
Rpb2,Rpb1,507,833
Rpb2,Rpb1,979,485
Rpb2,Rpb2,99,183
Rpb2,Rpb2,131,134
Rpb2,Rpb2,133,138
Rpb2,Rpb2,227,262
Rpb2,Rpb2,239,507
Rpb2,Rpb2,246,468
Rpb2,Rpb2,391,393
Rpb2,Rpb2,393,621
Rpb2,Rpb2,886,908
Rpb2,Rpb2,886,909
Rpb2,Rpb2,923,934
Rpb2,Rpb2,924,934
Rpb2,Rpb2,1057,1061
Rpb2,Sua7,438,108
Rpb2,Sua7,438,112
Rpb2,Sua7,921,224
Rpb2,Sua7,922,224
Rpb2,Sua7,923,155
Rpb2,Tfg2,441,279
Rpb3,Rpb10,149,67
Rpb3,Rpb11,137,118
Rpb3,Rpb11,266,84
Rpb3,Rpb11,266,88
Rpb3,Rpb3,90,160
Rpb4,Rpb4,127,142
Rpb4,Rpb4,131,142
Rpb5,Rpb5,161,172
Rpb5,Rpb5,191,194
Rpb5,Rpb5,194,201
Rpb6,Rpb5,62,171
Rpb6,Rpb6,112,123
Rpb9,Tfg1,9,400
Spt15,Spt15,2,27
Spt15,Spt15,2,44
Spt15,Spt15,2,188
Spt15,Spt15,27,35
Spt15,Spt15,27,47
Spt15,Spt15,47,52
Spt15,Spt15,47,54
Spt15,Spt15,47,108
Ssl1,Ssl1,262,303
Ssl1,Ssl1,387,430
Ssl1,Tfa1,201,270
Ssl1,Tfa1,201,275
Ssl1,Tfa1,205,270
Ssl1,Tfa1,205,275
Ssl1,Tfb4,401,95
Ssl1,Tfb4,439,165
Ssl1,Tfb4,441,165
Ssl1,Tfb4,446,165
Ssl2,Med7,520,1
Ssl2,Ssl1,351,52
Ssl2,Ssl2,46,65
Ssl2,Ssl2,90,334
Ssl2,Ssl2,228,304
Ssl2,Ssl2,510,520
Ssl2,Ssl2,510,521
Ssl2,Ssl2,617,624
Ssl2,Ssl2,758,827
Ssl2,Ssl2,762,791
Ssl2,Ssl2,762,827
Ssl2,Ssl2,768,827
Ssl2,Ssl2,774,835
Sua7,Rpb2,100,470
Sua7,Rpb2,184,865
Sua7,Rpb2,224,923
Sua7,Spt15,343,241
Sua7,Sua7,75,147
Sua7,Sua7,88,155
Sua7,Sua7,103,108
Sua7,Sua7,155,219
Sua7,Sua7,160,217
Tfa1,Rpb1,222,188
Tfa1,Rpb1,222,193
Tfa1,Rpb1,222,195
Tfa1,Rpb1,222,196
Tfa1,Tfa1,1,195
Tfa1,Tfb1,345,189
Tfa1,Tfb1,347,189
Tfa1,Tfb1,349,189
Tfa1,Tfb1,350,189
Tfa2,Rpb1,294,193
Tfa2,Tfa1,294,195
Tfa2,Tfa2,140,149
Tfa2,Tfa2,273,277
Tfa2,Tfg2,133,335
Tfb1,Tfa1,57,411
Tfb1,Tfa1,57,412
Tfb1,Tfb1,65,118
Tfb1,Tfb1,118,279
Tfb1,Tfb1,166,173
Tfb1,Tfb1,268,320
Tfb1,Tfb1,291,305
Tfb1,Tfb1,322,324
Tfb1,Tfb4,458,43
Tfb1,Tfb4,636,323
Tfb2,Tfa1,449,301
Tfb2,Tfb2,168,175
Tfb2,Tfb4,326,166
Tfb2,Tfb5,449,51
Tfb2,Tfb5,463,1
Tfb3,Med6,154,143
Tfb3,Rad3,156,357
Tfb3,Rpb4,25,1
Tfb3,Rpb4,226,186
Tfb3,Rpb4,235,186
Tfb3,Rpb7,220,134
Tfb3,Ssl2,44,69
Tfb3,Tfb3,27,40
Tfb3,Tfb3,57,204
Tfb3,Tfb3,80,121
Tfb3,Tfb3,94,154
Tfb3,Tfb3,94,156
Tfb3,Tfb3,159,163
Tfb3,Tfb3,180,192
Tfb3,Tfb3,180,226
Tfb3,Tfb3,181,192
Tfb3,Tfb3,182,192
Tfb3,Tfb3,182,226
Tfb3,Tfb3,192,204
Tfb3,Tfb3,192,207
Tfb3,Tfb3,192,210
Tfb3,Tfb3,204,235
Tfb3,Tfb3,207,235
Tfb3,Tfb3,226,265
Tfb4,Tfb4,84,127
Tfb4,Tfb4,84,128
Tfb4,Tfb4,89,102
Tfb4,Tfb4,102,123
Tfb4,Tfb4,102,127
Tfb4,Tfb4,108,123
Tfb4,Tfb4,108,127
Tfb5,Ssl2,6,46
Tfg1,Tfa1,91,269
Tfg1,Tfg1,60,68
Tfg1,Tfg1,60,69
Tfg1,Tfg1,89,97
Tfg1,Tfg1,274,411
Tfg1,Tfg1,274,416
Tfg1,Tfg1,280,289
Tfg1,Tfg1,281,289
Tfg1,Tfg1,411,419
Tfg1,Tfg1,658,671
Tfg1,Tfg1,658,672
Tfg1,Tfg1,671,704
Tfg1,Tfg2,93,99
Tfg1,Tfg2,93,103
Tfg1,Tfg2,94,103
Tfg1,Tfg2,97,94
Tfg1,Tfg2,97,99
Tfg1,Tfg2,100,94
Tfg1,Tfg2,125,130
Tfg1,Tfg2,126,130
Tfg1,Tfg2,126,132
Tfg2,Rpb1,2,196
Tfg2,Rpb1,186,196
Tfg2,Tfg1,100,91
Tfg2,Tfg1,103,92
Tfg2,Tfg1,110,91
Tfg2,Tfg1,114,91
Tfg2,Tfg1,194,411
Tfg2,Tfg2,23,54
Tfg2,Tfg2,31,206
Tfg2,Tfg2,38,142
Tfg2,Tfg2,38,206
Tfg2,Tfg2,54,141
Tfg2,Tfg2,54,142
Tfg2,Tfg2,79,245
Tfg2,Tfg2,80,114
Tfg2,Tfg2,126,130
Tfg2,Tfg2,308,357
Tfg2,Tfg2,356,360
Toa1,Spt15,169,110